Problem_Name,Original_Status,Original_Time,Original_Clausified_Status,Original_Clausified_Time,Variant_0_Status,Variant_0_Time,Variant_1_Status,Variant_1_Time,Variant_2_Status,Variant_2_Time,Variant_0_Original_Status,Variant_0_Original_Time,Variant_1_Original_Status,Variant_1_Original_Time,Variant_2_Original_Status,Variant_2_Original_Time
GRP441-1,PROVED,3.55,PROVED,3.57,PROVED,0.01,PROVED,0.01,PROVED,0.01,PROVED,0.01,PROVED,0.01,PROVED,0.01
GRP629+1,TIMEOUT,60.15,TIMEOUT,60.15,TIMEOUT,60.15,TIMEOUT,60.15,TIMEOUT,60.15,TIMEOUT,60.15,TIMEOUT,60.15,TIMEOUT,60.15
GRP444-1,PROVED,4.36,PROVED,4.34,PROVED,0.01,PROVED,0.06,PROVED,0.04,PROVED,0.01,PROVED,0.09,PROVED,0.04
GRP529-1,PROVED,0.02,PROVED,0.02,PROVED,0.01,PROVED,0.01,PROVED,0.01,PROVED,0.01,PROVED,0.01,PROVED,0.01
GRP201-1,PROVED,8.83,PROVED,8.79,PROVED,1.12,PROVED,9.16,PROVED,7.52,PROVED,1.13,PROVED,9.10,PROVED,7.61
GRP766-1,PROVED,45.19,PROVED,44.87,PROVED,45.99,N/A,N/A,PROVED,44.29,PROVED,45.93,N/A,N/A,PROVED,44.74
GRP557-1,PROVED,0.02,PROVED,0.02,N/A,N/A,PROVED,0.01,PROVED,0.01,N/A,N/A,PROVED,0.01,PROVED,0.01
GRP001-4,PROVED,0.01,PROVED,0.01,PROVED,0.01,PROVED,0.01,PROVED,0.01,PROVED,0.01,PROVED,0.01,PROVED,0.01
GRP124-3.005,TIMEOUT,60.04,TIMEOUT,60.05,TIMEOUT,60.05,TIMEOUT,60.06,TIMEOUT,60.06,TIMEOUT,60.06,TIMEOUT,60.06,TIMEOUT,60.04
GRP757+1,TIMEOUT,60.04,TIMEOUT,60.04,TIMEOUT,60.04,TIMEOUT,60.04,TIMEOUT,60.04,TIMEOUT,60.04,TIMEOUT,60.05,TIMEOUT,60.04
GRP561-1,PROVED,0.01,PROVED,0.01,PROVED,0.01,PROVED,0.01,PROVED,0.01,PROVED,0.02,PROVED,0.01,PROVED,0.01
GRP426-1,PROVED,3.61,PROVED,3.61,PROVED,1.04,PROVED,0.01,PROVED,1.02,PROVED,1.03,PROVED,0.01,PROVED,1.01
GRP202-1,PROVED,10.43,PROVED,10.54,PROVED,18.34,PROVED,10.60,PROVED,8.66,PROVED,17.11,PROVED,10.75,PROVED,8.56
GRP495-1,PROVED,0.16,PROVED,0.17,PROVED,2.03,PROVED,0.17,PROVED,0.77,PROVED,1.51,PROVED,0.16,PROVED,0.73
GRP064-1,PROVED,0.92,PROVED,0.87,PROVED,0.07,PROVED,9.24,PROVED,0.86,PROVED,0.07,PROVED,9.66,PROVED,0.87
GRP476-1,PROVED,0.32,PROVED,0.32,PROVED,0.33,N/A,N/A,PROVED,2.28,PROVED,0.33,N/A,N/A,PROVED,2.24
GRP744-1,TIMEOUT,60.07,TIMEOUT,60.08,TIMEOUT,60.03,N/A,N/A,TIMEOUT,60.10,TIMEOUT,60.03,N/A,N/A,TIMEOUT,60.09
GRP124-4.005,TIMEOUT,60.05,TIMEOUT,60.05,TIMEOUT,60.05,TIMEOUT,60.04,TIMEOUT,60.05,TIMEOUT,60.04,TIMEOUT,60.05,TIMEOUT,60.05
GRP499-1,PROVED,3.08,PROVED,3.06,PROVED,0.15,PROVED,0.20,PROVED,2.03,PROVED,0.14,PROVED,0.13,PROVED,2.11
GRP461-1,PROVED,0.01,PROVED,0.01,PROVED,0.01,PROVED,0.01,PROVED,0.01,PROVED,0.01,PROVED,0.01,PROVED,0.01
GRP547-1,PROVED,0.06,PROVED,0.04,PROVED,0.05,PROVED,0.15,PROVED,0.04,PROVED,0.06,PROVED,0.15,PROVED,0.04
GRP674-11,TIMEOUT,60.05,TIMEOUT,60.05,TIMEOUT,60.06,TIMEOUT,60.05,TIMEOUT,60.04,TIMEOUT,60.06,TIMEOUT,60.05,TIMEOUT,60.05
GRP589-1,PROVED,0.21,PROVED,0.23,PROVED,0.06,PROVED,0.04,PROVED,0.31,PROVED,0.06,PROVED,0.28,PROVED,0.33
GRP065-1,PROVED,3.12,PROVED,3.14,PROVED,1.66,PROVED,0.13,PROVED,1.68,PROVED,1.71,PROVED,0.13,PROVED,1.62
GRP638+1,PROVED,19.35,PROVED,19.36,PROVED,19.63,PROVED,20.29,PROVED,19.66,PROVED,19.73,PROVED,18.71,PROVED,19.50
GRP453-1,PROVED,3.08,PROVED,3.13,N/A,N/A,PROVED,3.17,PROVED,0.42,N/A,N/A,PROVED,3.12,PROVED,0.42
GRP765-1,TIMEOUT,60.10,TIMEOUT,60.10,TIMEOUT,60.11,TIMEOUT,60.09,TIMEOUT,60.10,TIMEOUT,60.10,TIMEOUT,60.10,TIMEOUT,60.10
GRP123-9.004,TIMEOUT,60.05,TIMEOUT,60.05,TIMEOUT,60.05,TIMEOUT,60.06,TIMEOUT,60.05,TIMEOUT,60.05,TIMEOUT,60.05,TIMEOUT,60.05
GRP567-1,PROVED,1.03,PROVED,13.88,PROVED,0.07,PROVED,0.92,N/A,N/A,PROVED,1.10,PROVED,0.91,N/A,N/A
GRP129-4.004,PROVED,13.83,PROVED,13.80,PROVED,15.95,N/A,N/A,PROVED,22.15,PROVED,15.73,N/A,N/A,PROVED,22.11
GRP516-1,PROVED,0.04,PROVED,0.05,PROVED,0.01,PROVED,0.02,PROVED,0.01,PROVED,0.01,PROVED,0.01,PROVED,0.01
GRP655+3,TIMEOUT,60.02,TIMEOUT,60.02,N/A,N/A,TIMEOUT,60.02,N/A,N/A,N/A,N/A,TIMEOUT,60.02,N/A,N/A
GRP057-1,PROVED,5.37,PROVED,5.41,PROVED,0.02,PROVED,0.01,PROVED,0.01,PROVED,0.03,PROVED,0.02,PROVED,0.01
GRP663-1,TIMEOUT,60.11,TIMEOUT,60.11,TIMEOUT,60.10,TIMEOUT,60.10,TIMEOUT,60.11,TIMEOUT,60.10,TIMEOUT,60.10,TIMEOUT,60.11
GRP126-1.005,TIMEOUT,60.04,TIMEOUT,60.03,TIMEOUT,60.04,TIMEOUT,60.04,TIMEOUT,60.04,TIMEOUT,60.04,TIMEOUT,60.04,TIMEOUT,60.04
GRP104-1,PROVED,0.13,PROVED,0.12,PROVED,4.69,PROVED,1.04,PROVED,0.05,PROVED,4.70,PROVED,1.07,PROVED,1.25
GRP432-1,PROVED,3.30,PROVED,3.30,PROVED,0.01,PROVED,0.01,PROVED,0.01,PROVED,0.01,PROVED,0.01,PROVED,0.01
GRP451-1,PROVED,0.01,PROVED,0.01,PROVED,0.01,PROVED,0.01,PROVED,0.01,PROVED,0.01,PROVED,0.01,PROVED,0.01
GRP082-1,PROVED,3.42,PROVED,3.40,PROVED,3.15,PROVED,0.45,PROVED,0.55,PROVED,3.13,PROVED,0.54,PROVED,0.47
GRP204-1,TIMEOUT,60.04,TIMEOUT,60.04,TIMEOUT,60.05,TIMEOUT,60.06,TIMEOUT,60.05,TIMEOUT,60.05,TIMEOUT,60.06,TIMEOUT,60.05
GRP802+1,TIMEOUT,60.10,TIMEOUT,60.10,TIMEOUT,60.10,TIMEOUT,60.10,TIMEOUT,60.15,TIMEOUT,60.10,TIMEOUT,60.10,TIMEOUT,60.16
GRP126-2.004,PROVED,0.38,PROVED,0.39,PROVED,0.39,PROVED,0.20,PROVED,0.43,PROVED,0.40,PROVED,0.28,PROVED,0.40
GRP527-1,PROVED,0.33,PROVED,0.32,N/A,N/A,PROVED,0.01,PROVED,0.02,N/A,N/A,PROVED,0.01,PROVED,0.02
GRP664-10,TIMEOUT,60.10,TIMEOUT,60.10,TIMEOUT,60.10,TIMEOUT,60.11,TIMEOUT,60.11,TIMEOUT,60.10,TIMEOUT,60.11,TIMEOUT,60.11
GRP601-1,PROVED,0.13,PROVED,0.13,PROVED,0.08,PROVED,0.13,PROVED,0.52,PROVED,0.05,PROVED,0.13,PROVED,0.50
GRP794^1,N/A,N/A,N/A,N/A,N/A,N/A,N/A,N/A,N/A,N/A,N/A,N/A,N/A,N/A,N/A,N/A
GRP673-10,TIMEOUT,60.05,TIMEOUT,60.05,TIMEOUT,60.05,TIMEOUT,60.05,TIMEOUT,60.05,TIMEOUT,60.05,TIMEOUT,60.05,TIMEOUT,60.05
GRP754-1,PROVED,5.91,PROVED,5.78,PROVED,5.86,PROVED,6.87,PROVED,6.13,PROVED,5.80,PROVED,5.93,PROVED,6.12
GRP647+1,TIMEOUT,60.11,TIMEOUT,60.09,TIMEOUT,60.11,TIMEOUT,60.09,TIMEOUT,60.09,TIMEOUT,60.09,TIMEOUT,60.10,TIMEOUT,60.09
GRP711+1,PROVED,0.09,PROVED,0.09,PROVED,0.11,PROVED,0.09,PROVED,0.01,PROVED,0.11,PROVED,0.09,PROVED,0.01
GRP677-1,TIMEOUT,60.07,TIMEOUT,60.07,N/A,N/A,TIMEOUT,60.07,TIMEOUT,60.07,N/A,N/A,TIMEOUT,60.07,TIMEOUT,60.07
GRP134-2.003,PROVED,0.31,PROVED,0.33,PROVED,0.41,PROVED,0.53,PROVED,0.50,PROVED,0.30,PROVED,0.31,PROVED,0.50
GRP666+1,TIMEOUT,60.04,TIMEOUT,60.05,TIMEOUT,60.04,TIMEOUT,60.04,TIMEOUT,60.04,TIMEOUT,60.04,TIMEOUT,60.04,TIMEOUT,60.04
GRP696-1,TIMEOUT,60.23,TIMEOUT,60.23,TIMEOUT,60.20,TIMEOUT,60.19,TIMEOUT,60.21,TIMEOUT,60.20,TIMEOUT,60.19,TIMEOUT,60.20
GRP605-1,PROVED,0.72,PROVED,0.74,PROVED,0.18,PROVED,0.60,PROVED,0.03,PROVED,0.18,PROVED,0.58,PROVED,0.03
GRP748-3,PROVED,12.91,PROVED,12.93,PROVED,11.34,PROVED,4.01,PROVED,13.03,PROVED,11.35,PROVED,3.97,PROVED,13.04
GRP123-8.003,PROVED,0.01,PROVED,0.01,PROVED,0.01,PROVED,0.01,PROVED,0.01,PROVED,0.01,PROVED,0.01,PROVED,0.01
GRP643+1,PROVED,0.01,PROVED,0.01,PROVED,0.01,PROVED,0.01,PROVED,0.01,PROVED,0.01,PROVED,0.02,PROVED,0.01
GRP570-1,PROVED,0.01,PROVED,0.01,PROVED,0.01,PROVED,0.01,PROVED,0.01,PROVED,0.01,PROVED,0.01,PROVED,0.01
GRP784+1,TIMEOUT,60.26,TIMEOUT,60.26,TIMEOUT,60.27,TIMEOUT,60.27,TIMEOUT,60.26,TIMEOUT,60.27,TIMEOUT,60.28,TIMEOUT,60.27
GRP790+1,TIMEOUT,60.18,TIMEOUT,60.18,TIMEOUT,60.17,TIMEOUT,60.18,TIMEOUT,60.20,TIMEOUT,60.17,TIMEOUT,60.18,TIMEOUT,60.19
GRP404-1,TIMEOUT,60.03,TIMEOUT,60.02,TIMEOUT,60.02,N/A,N/A,N/A,N/A,TIMEOUT,60.02,N/A,N/A,N/A,N/A
GRP720-2,TIMEOUT,60.14,TIMEOUT,60.14,TIMEOUT,60.17,TIMEOUT,60.17,TIMEOUT,60.13,TIMEOUT,60.17,TIMEOUT,60.17,TIMEOUT,60.14
GRP693-1,TIMEOUT,60.22,TIMEOUT,60.21,TIMEOUT,60.21,TIMEOUT,60.20,TIMEOUT,60.22,TIMEOUT,60.21,TIMEOUT,60.21,TIMEOUT,60.21
GRP645+1,PROVED,0.04,PROVED,0.03,PROVED,0.03,PROVED,0.04,PROVED,0.04,PROVED,0.03,PROVED,0.04,PROVED,0.03
GRP474-1,PROVED,2.30,PROVED,2.32,PROVED,2.04,N/A,N/A,PROVED,2.77,PROVED,2.00,N/A,N/A,PROVED,2.79
GRP593-1,PROVED,0.47,PROVED,0.46,PROVED,0.61,PROVED,0.40,PROVED,0.45,PROVED,0.54,PROVED,0.41,PROVED,0.44
GRP128-4.003,PROVED,0.72,PROVED,0.71,PROVED,1.00,PROVED,0.68,N/A,N/A,PROVED,0.98,PROVED,1.52,N/A,N/A
GRP457-1,PROVED,0.01,PROVED,0.01,PROVED,0.01,PROVED,0.01,PROVED,0.01,PROVED,0.01,PROVED,0.01,PROVED,0.01
GRP484-1,PROVED,0.01,PROVED,0.01,PROVED,0.01,PROVED,0.01,PROVED,0.01,PROVED,0.01,PROVED,0.01,PROVED,0.01
GRP123-6.005,TIMEOUT,60.04,TIMEOUT,60.04,TIMEOUT,60.04,TIMEOUT,60.03,TIMEOUT,60.05,TIMEOUT,60.04,TIMEOUT,60.04,TIMEOUT,60.04
GRP654-11,TIMEOUT,60.04,TIMEOUT,60.05,TIMEOUT,60.04,TIMEOUT,60.04,TIMEOUT,60.04,TIMEOUT,60.05,TIMEOUT,60.05,TIMEOUT,60.04
GRP621+1,PROVED,0.37,PROVED,0.29,PROVED,0.41,PROVED,0.36,PROVED,0.50,PROVED,0.25,PROVED,0.28,PROVED,0.38
GRP207-1,TIMEOUT,60.04,TIMEOUT,60.03,N/A,N/A,TIMEOUT,60.03,N/A,N/A,N/A,N/A,TIMEOUT,60.04,N/A,N/A
GRP713-1,TIMEOUT,60.05,TIMEOUT,60.04,TIMEOUT,60.05,TIMEOUT,60.05,TIMEOUT,60.05,TIMEOUT,60.04,TIMEOUT,60.05,TIMEOUT,60.05
GRP111-1,PROVED,1.41,PROVED,1.39,PROVED,1.73,N/A,N/A,PROVED,5.19,PROVED,2.02,N/A,N/A,PROVED,2.53
GRP133-2.003,PROVED,0.66,PROVED,0.66,PROVED,0.63,PROVED,0.56,PROVED,0.98,PROVED,0.64,PROVED,0.57,PROVED,1.07
GRP422-1,TIMEOUT,60.02,TIMEOUT,60.02,PROVED,0.46,PROVED,0.01,PROVED,0.01,PROVED,0.48,PROVED,0.01,PROVED,0.01
GRP599-1,PROVED,9.97,PROVED,9.96,N/A,N/A,PROVED,0.03,PROVED,0.22,N/A,N/A,PROVED,0.02,PROVED,0.33
GRP480-1,PROVED,3.23,PROVED,3.26,PROVED,3.21,PROVED,0.03,PROVED,3.09,PROVED,3.21,PROVED,0.04,PROVED,3.09
GRP701-1,PROVED,6.19,PROVED,6.12,PROVED,7.85,PROVED,6.37,PROVED,7.78,PROVED,7.77,PROVED,6.45,PROVED,7.79
GRP584-1,PROVED,0.03,PROVED,0.03,PROVED,0.06,PROVED,0.01,PROVED,0.03,PROVED,0.06,PROVED,0.01,PROVED,0.02
GRP630+1,TIMEOUT,60.08,TIMEOUT,60.08,TIMEOUT,60.08,TIMEOUT,60.08,TIMEOUT,60.08,TIMEOUT,60.08,TIMEOUT,60.08,TIMEOUT,60.08
GRP798+1,TIMEOUT,60.14,TIMEOUT,60.14,TIMEOUT,60.12,TIMEOUT,60.14,TIMEOUT,60.22,TIMEOUT,60.12,TIMEOUT,60.14,TIMEOUT,60.22
GRP695-1,TIMEOUT,60.21,TIMEOUT,60.21,TIMEOUT,60.21,TIMEOUT,60.23,TIMEOUT,60.20,TIMEOUT,60.20,TIMEOUT,60.22,TIMEOUT,60.20
GRP796^1,N/A,N/A,N/A,N/A,N/A,N/A,N/A,N/A,N/A,N/A,N/A,N/A,N/A,N/A,N/A,N/A
GRP491-1,PROVED,0.01,PROVED,0.02,PROVED,0.01,PROVED,0.03,PROVED,0.04,PROVED,0.02,PROVED,0.02,PROVED,0.04
GRP053-1,PROVED,6.42,PROVED,6.39,PROVED,0.18,PROVED,1.18,PROVED,0.01,PROVED,0.18,PROVED,3.04,PROVED,0.01
GRP497-1,PROVED,0.03,PROVED,0.03,PROVED,0.01,PROVED,0.01,PROVED,0.01,PROVED,0.01,PROVED,0.01,PROVED,0.01
GRP511-1,PROVED,2.29,PROVED,2.32,PROVED,0.03,PROVED,0.03,PROVED,1.28,PROVED,0.04,PROVED,0.13,PROVED,1.26
GRP123-4.004,TIMEOUT,60.05,TIMEOUT,60.05,TIMEOUT,60.05,N/A,N/A,TIMEOUT,60.05,TIMEOUT,60.05,N/A,N/A,TIMEOUT,60.05
GRP606-1,PROVED,0.81,PROVED,0.78,PROVED,0.01,PROVED,0.01,PROVED,0.03,PROVED,0.01,PROVED,0.01,PROVED,0.03
GRP668-1,PROVED,33.55,PROVED,34.12,TIMEOUT,60.06,PROVED,33.27,PROVED,32.67,TIMEOUT,60.06,PROVED,32.84,PROVED,32.85
GRP640+1,PROVED,0.02,PROVED,0.01,PROVED,0.01,PROVED,0.01,PROVED,0.01,PROVED,0.02,PROVED,0.01,PROVED,0.02
GRP666-2,TIMEOUT,60.04,TIMEOUT,60.04,TIMEOUT,60.04,TIMEOUT,60.04,TIMEOUT,60.04,TIMEOUT,60.04,TIMEOUT,60.04,TIMEOUT,60.04
GRP062-1,PROVED,4.36,PROVED,4.39,PROVED,0.06,PROVED,0.06,PROVED,0.27,PROVED,0.06,PROVED,0.06,PROVED,0.25
GRP417-1,PROVED,7.37,PROVED,7.44,PROVED,0.01,PROVED,8.16,PROVED,0.01,PROVED,0.01,PROVED,8.20,PROVED,0.01
GRP691-1,TIMEOUT,60.21,TIMEOUT,60.21,TIMEOUT,60.20,TIMEOUT,60.20,TIMEOUT,60.20,TIMEOUT,60.20,TIMEOUT,60.20,TIMEOUT,60.21
GRP115-1,PROVED,0.03,PROVED,0.02,PROVED,0.01,PROVED,0.01,PROVED,0.01,PROVED,0.01,PROVED,0.01,PROVED,0.01
GRP644+1,PROVED,0.01,PROVED,0.01,PROVED,0.01,PROVED,0.01,PROVED,0.01,PROVED,0.01,PROVED,0.01,PROVED,0.01