Problem_Name,Logs_Processed,Generated_Seeds_Total,Strict_Syntactically_Correct_Seeds,Strict_Syntactic_Quality_Rate,Entailed_Seeds_From_Strict,Entailment_Rate_Given_Strict_Syntax,Post_Parse_Failures,Entailment_SyntaxOrType_Failures,Entailment_Timeout_Failures,Entailment_SAT_Not_Entailed,Entailment_Other_Failures
GRP001+6,1,15,10,0.6667,0,0.0000,0,5,0,0,10
GRP001-4,1,15,14,0.9333,14,1.0000,0,1,0,0,0
GRP001-5,1,15,13,0.8667,13,1.0000,0,2,0,0,0
GRP001^5,1,15,0,0.0000,0,N/A,0,15,0,0,0
GRP002-10,1,15,13,0.8667,13,1.0000,0,2,0,0,0
GRP003-1,1,15,14,0.9333,11,0.7857,0,1,3,0,0
GRP004-1,1,15,15,1.0000,14,0.9333,0,0,1,0,0
GRP005-1,1,15,15,1.0000,13,0.8667,0,0,2,0,0
GRP006-1,1,15,15,1.0000,15,1.0000,0,0,0,0,0
GRP010-4,1,15,15,1.0000,15,1.0000,0,0,0,0,0
GRP011-4,1,15,14,0.9333,14,1.0000,0,1,0,0,0
GRP012+5,1,15,13,0.8667,0,0.0000,0,2,0,0,13
GRP014-1,1,15,13,0.8667,11,0.8462,0,2,2,0,0
GRP025-3,1,15,13,0.8667,13,1.0000,1,1,0,0,0
GRP026-3,1,15,15,1.0000,15,1.0000,0,0,0,0,0
GRP027-2,1,15,9,0.6000,8,0.8889,0,6,1,0,0
GRP028-1,1,15,10,0.6667,10,1.0000,0,5,0,0,0
GRP028-3,1,15,15,1.0000,12,0.8000,0,0,3,0,0
GRP028-4,1,15,11,0.7333,10,0.9091,0,4,1,0,0
GRP029-2,1,15,14,0.9333,14,1.0000,0,1,0,0,0
GRP031-2,1,15,10,0.6667,10,1.0000,0,5,0,0,0
GRP033-3,1,15,15,1.0000,15,1.0000,0,0,0,0,0
GRP034-4,1,15,14,0.9333,14,1.0000,1,0,0,0,0
GRP039-6,1,15,10,0.6667,7,0.7000,0,5,3,0,0
GRP048-10,1,15,7,0.4667,7,1.0000,0,8,0,0,0
GRP049-1,1,15,10,0.6667,0,0.0000,0,5,10,0,0
GRP050-1,1,15,12,0.8000,9,0.7500,0,3,3,0,0
GRP051-1,1,15,14,0.9333,9,0.6429,0,1,5,0,0
GRP052-1,1,15,15,1.0000,8,0.5333,0,0,7,0,0
GRP053-1,1,15,15,1.0000,10,0.6667,0,0,5,0,0
GRP054-1,1,15,14,0.9333,9,0.6429,0,1,5,0,0
GRP055-1,1,15,15,1.0000,14,0.9333,0,0,1,0,0
GRP056-1,1,15,14,0.9333,13,0.9286,0,1,1,0,0
GRP057-1,1,15,15,1.0000,12,0.8000,0,0,3,0,0
GRP058-1,1,15,13,0.8667,7,0.5385,0,2,6,0,0
GRP059-1,1,15,14,0.9333,12,0.8571,0,1,2,0,0
GRP060-1,1,15,5,0.3333,5,1.0000,0,10,0,0,0
GRP061-1,1,15,13,0.8667,13,1.0000,0,2,0,0,0
GRP062-1,1,15,14,0.9333,11,0.7857,0,1,3,0,0
GRP063-1,1,15,9,0.6000,9,1.0000,0,6,0,0,0
GRP064-1,1,15,5,0.3333,3,0.6000,0,10,2,0,0
GRP065-1,1,15,15,1.0000,15,1.0000,0,0,0,0,0
GRP066-1,1,15,15,1.0000,8,0.5333,0,0,7,0,0
GRP067-1,1,15,14,0.9333,10,0.7143,0,1,4,0,0
GRP068-1,1,15,13,0.8667,10,0.7692,0,2,3,0,0
GRP069-1,1,15,14,0.9333,8,0.5714,0,1,6,0,0
GRP070-1,1,15,13,0.8667,2,0.1538,0,2,11,0,0
GRP071-1,1,15,15,1.0000,8,0.5333,0,0,7,0,0
GRP072-1,1,15,9,0.6000,5,0.5556,0,6,4,0,0
GRP073-1,1,15,15,1.0000,9,0.6000,0,0,6,0,0
GRP074-1,1,15,10,0.6667,8,0.8000,0,5,2,0,0
GRP075-1,1,15,14,0.9333,11,0.7857,0,1,3,0,0
GRP076-1,1,15,15,1.0000,15,1.0000,0,0,0,0,0
GRP077-1,1,15,10,0.6667,6,0.6000,0,5,4,0,0
GRP078-1,1,15,15,1.0000,13,0.8667,0,0,2,0,0
GRP079-1,1,15,8,0.5333,8,1.0000,0,7,0,0,0
GRP080-1,1,15,15,1.0000,13,0.8667,0,0,2,0,0
GRP081-1,1,15,13,0.8667,6,0.4615,0,2,7,0,0
GRP082-1,1,15,13,0.8667,6,0.4615,0,2,7,0,0
GRP083-1,1,15,15,1.0000,6,0.4000,0,0,9,0,0
GRP084-1,1,15,15,1.0000,0,0.0000,0,0,15,0,0
GRP085-1,1,15,14,0.9333,14,1.0000,0,1,0,0,0
GRP086-1,1,15,14,0.9333,14,1.0000,0,1,0,0,0
GRP087-1,1,15,14,0.9333,13,0.9286,0,1,1,0,0
GRP088-1,1,15,9,0.6000,9,1.0000,0,6,0,0,0
GRP089-1,1,15,15,1.0000,15,1.0000,0,0,0,0,0
GRP090-1,1,15,14,0.9333,11,0.7857,0,1,3,0,0
GRP091-1,1,15,10,0.6667,9,0.9000,0,5,1,0,0
GRP092-1,1,15,10,0.6667,9,0.9000,0,5,1,0,0
GRP093-1,1,15,13,0.8667,5,0.3846,0,2,8,0,0
GRP094-1,1,15,13,0.8667,10,0.7692,0,2,3,0,0
GRP095-1,1,15,15,1.0000,6,0.4000,0,0,9,0,0
GRP096-1,1,15,10,0.6667,4,0.4000,0,5,6,0,0
GRP097-1,1,15,15,1.0000,12,0.8000,0,0,3,0,0
GRP098-1,1,15,10,0.6667,5,0.5000,0,5,5,0,0
GRP099-1,1,15,15,1.0000,8,0.5333,0,0,7,0,0
GRP100-1,1,15,10,0.6667,4,0.4000,0,5,6,0,0
GRP101-1,1,15,15,1.0000,13,0.8667,0,0,2,0,0
GRP102-1,1,15,10,0.6667,9,0.9000,0,5,1,0,0
GRP103-1,1,15,13,0.8667,11,0.8462,0,2,2,0,0
GRP104-1,1,15,13,0.8667,10,0.7692,0,2,3,0,0
GRP105-1,1,15,14,0.9333,10,0.7143,0,1,4,0,0
GRP106-1,1,15,14,0.9333,4,0.2857,0,1,10,0,0
GRP107-1,1,15,15,1.0000,10,0.6667,0,0,5,0,0
GRP108-1,1,15,10,0.6667,7,0.7000,0,5,3,0,0
GRP109-1,1,15,15,1.0000,10,0.6667,0,0,5,0,0
GRP110-1,1,15,13,0.8667,9,0.6923,0,2,4,0,0
GRP111-1,1,15,13,0.8667,7,0.5385,0,2,6,0,0
GRP112-1,1,15,12,0.8000,11,0.9167,0,3,1,0,0
GRP112-10,1,15,14,0.9333,13,0.9286,0,1,1,0,0
GRP115-1,1,15,14,0.9333,13,0.9286,0,1,1,0,0
GRP116-1,1,15,12,0.8000,12,1.0000,0,3,0,0,0
GRP117-1,1,15,13,0.8667,13,1.0000,0,2,0,0,0
GRP118-1,1,15,14,0.9333,11,0.7857,0,1,3,0,0
GRP119-1,1,15,13,0.8667,12,0.9231,0,2,1,0,0
GRP120-1,1,15,14,0.9333,14,1.0000,0,1,0,0,0
GRP121-1,1,15,13,0.8667,12,0.9231,0,2,1,0,0
GRP122-1,1,15,12,0.8000,11,0.9167,0,3,1,0,0
GRP123-1.003,1,15,15,1.0000,15,1.0000,0,0,0,0,0
GRP123-1.005,1,15,10,0.6667,9,0.9000,0,5,1,0,0
GRP123-2.003,1,15,15,1.0000,15,1.0000,0,0,0,0,0
GRP123-2.005,1,15,12,0.8000,12,1.0000,0,3,0,0,0
GRP123-3.003,1,15,15,1.0000,15,1.0000,0,0,0,0,0
GRP123-3.004,1,15,10,0.6667,10,1.0000,0,5,0,0,0
GRP123-4.003,1,15,10,0.6667,10,1.0000,0,5,0,0,0
GRP123-4.004,1,15,15,1.0000,15,1.0000,0,0,0,0,0
GRP123-6.003,1,15,5,0.3333,5,1.0000,0,10,0,0,0
GRP123-6.005,1,15,15,1.0000,15,1.0000,0,0,0,0,0
GRP123-7.003,1,15,11,0.7333,11,1.0000,0,4,0,0,0
GRP123-7.005,1,15,10,0.6667,10,1.0000,0,5,0,0,0
GRP123-8.003,1,15,15,1.0000,14,0.9333,0,0,1,0,0
GRP123-8.004,1,15,15,1.0000,15,1.0000,0,0,0,0,0
GRP123-9.003,1,15,15,1.0000,15,1.0000,0,0,0,0,0
GRP123-9.004,1,15,15,1.0000,15,1.0000,0,0,0,0,0
GRP124-1.004,1,15,14,0.9333,12,0.8571,0,1,2,0,0
GRP124-1.005,1,15,2,0.1333,2,1.0000,0,13,0,0,0
GRP124-2.004,1,15,10,0.6667,10,1.0000,0,5,0,0,0
GRP124-2.005,1,15,15,1.0000,15,1.0000,0,0,0,0,0
GRP124-3.004,1,15,9,0.6000,9,1.0000,0,6,0,0,0
GRP124-3.005,1,15,11,0.7333,11,1.0000,0,4,0,0,0
GRP124-4.004,1,15,10,0.6667,10,1.0000,0,5,0,0,0
GRP124-4.005,1,15,15,1.0000,15,1.0000,0,0,0,0,0
GRP124-6.004,1,15,15,1.0000,15,1.0000,0,0,0,0,0
GRP124-6.005,1,15,15,1.0000,15,1.0000,0,0,0,0,0
GRP124-7.004,1,15,15,1.0000,15,1.0000,0,0,0,0,0
GRP124-7.005,1,15,10,0.6667,9,0.9000,0,5,1,0,0
GRP124-8.004,1,15,15,1.0000,13,0.8667,0,0,2,0,0
GRP124-8.005,1,15,12,0.8000,12,1.0000,0,3,0,0,0
GRP124-9.004,1,15,11,0.7333,11,1.0000,0,4,0,0,0
GRP124-9.005,1,15,15,1.0000,13,0.8667,0,0,2,0,0
GRP125-1.003,1,15,15,1.0000,15,1.0000,0,0,0,0,0
GRP125-1.004,1,15,11,0.7333,10,0.9091,0,4,1,0,0
GRP125-2.004,1,15,12,0.8000,12,1.0000,0,3,0,0,0
GRP125-2.005,1,15,15,1.0000,14,0.9333,0,0,1,0,0
GRP125-3.004,1,15,12,0.8000,12,1.0000,0,3,0,0,0
GRP125-3.005,1,15,15,1.0000,14,0.9333,0,0,1,0,0
GRP125-4.003,1,15,10,0.6667,9,0.9000,0,5,1,0,0
GRP125-4.004,1,15,15,1.0000,14,0.9333,0,0,1,0,0
GRP126-1.004,1,15,15,1.0000,14,0.9333,0,0,1,0,0
GRP126-1.005,1,15,12,0.8000,12,1.0000,0,3,0,0,0
GRP126-2.004,1,15,11,0.7333,11,1.0000,0,4,0,0,0
GRP126-2.005,1,15,15,1.0000,15,1.0000,0,0,0,0,0
GRP126-3.004,1,15,12,0.8000,12,1.0000,0,3,0,0,0
GRP126-3.005,1,15,5,0.3333,5,1.0000,0,10,0,0,0
GRP126-4.004,1,15,12,0.8000,12,1.0000,0,3,0,0,0
GRP126-4.005,1,13,5,0.3846,5,1.0000,0,8,0,0,0
GRP127-1.004,1,15,15,1.0000,15,1.0000,0,0,0,0,0
GRP127-1.005,1,15,8,0.5333,8,1.0000,0,7,0,0,0
GRP127-2.005,1,15,10,0.6667,10,1.0000,0,5,0,0,0
GRP127-2.006,1,15,8,0.5333,8,1.0000,0,7,0,0,0
GRP127-3.004,1,15,10,0.6667,10,1.0000,0,5,0,0,0
GRP127-3.005,1,15,15,1.0000,14,0.9333,0,0,1,0,0
GRP127-4.004,1,15,10,0.6667,10,1.0000,0,5,0,0,0
GRP127-4.005,1,15,5,0.3333,5,1.0000,0,10,0,0,0
GRP128-1.003,1,15,8,0.5333,7,0.8750,0,7,1,0,0
GRP128-1.004,1,15,9,0.6000,9,1.0000,1,5,0,0,0
GRP128-2.004,1,15,15,1.0000,14,0.9333,0,0,1,0,0
GRP128-2.006,1,15,10,0.6667,8,0.8000,0,5,2,0,0
GRP128-3.004,1,15,11,0.7333,10,0.9091,0,4,1,0,0
GRP128-3.005,1,15,11,0.7333,8,0.7273,0,4,3,0,0
GRP128-4.003,1,15,12,0.8000,9,0.7500,0,3,3,0,0
GRP128-4.004,1,15,15,1.0000,15,1.0000,0,0,0,0,0
GRP129-1.003,1,15,15,1.0000,13,0.8667,0,0,2,0,0
GRP129-1.005,1,15,15,1.0000,15,1.0000,0,0,0,0,0
GRP129-2.004,1,15,10,0.6667,10,1.0000,0,5,0,0,0
GRP129-2.005,1,15,15,1.0000,15,1.0000,0,0,0,0,0
GRP129-3.004,1,15,15,1.0000,11,0.7333,0,0,4,0,0
GRP129-3.005,1,15,15,1.0000,13,0.8667,0,0,2,0,0
GRP129-4.004,1,15,15,1.0000,14,0.9333,0,0,1,0,0
GRP129-4.005,1,15,12,0.8000,11,0.9167,0,3,1,0,0
GRP130-1.003,1,15,11,0.7333,11,1.0000,0,4,0,0,0
GRP130-1.005,1,15,14,0.9333,14,1.0000,0,1,0,0,0
GRP130-2.003,1,15,15,1.0000,14,0.9333,0,0,1,0,0
GRP130-2.005,1,15,15,1.0000,10,0.6667,0,0,5,0,0
GRP130-3.003,1,15,10,0.6667,8,0.8000,0,5,2,0,0
GRP130-3.004,1,15,5,0.3333,5,1.0000,0,10,0,0,0
GRP130-4.003,1,15,5,0.3333,5,1.0000,0,10,0,0,0
GRP130-4.004,1,15,10,0.6667,9,0.9000,0,5,1,0,0
GRP131-1.002,1,15,8,0.5333,8,1.0000,0,7,0,0,0
GRP131-1.005,1,15,10,0.6667,10,1.0000,0,5,0,0,0
GRP131-2.002,1,15,12,0.8000,6,0.5000,0,3,6,0,0
GRP131-2.005,1,15,5,0.3333,2,0.4000,0,10,3,0,0
GRP132-1.002,1,15,15,1.0000,12,0.8000,0,0,3,0,0
GRP132-1.005,1,15,15,1.0000,15,1.0000,0,0,0,0,0
GRP132-2.002,1,15,11,0.7333,10,0.9091,0,4,1,0,0
GRP132-2.005,1,15,10,0.6667,10,1.0000,0,5,0,0,0
GRP133-1.003,1,13,13,1.0000,13,1.0000,0,0,0,0,0
GRP133-1.004,1,15,10,0.6667,10,1.0000,0,5,0,0,0
GRP133-2.003,1,15,15,1.0000,15,1.0000,0,0,0,0,0
GRP133-2.004,1,15,5,0.3333,5,1.0000,0,10,0,0,0
GRP134-1.003,1,15,11,0.7333,11,1.0000,0,4,0,0,0
GRP134-1.005,1,15,11,0.7333,7,0.6364,0,4,4,0,0
GRP134-2.003,1,15,8,0.5333,8,1.0000,0,7,0,0,0
GRP134-2.005,1,15,10,0.6667,9,0.9000,0,5,1,0,0
GRP135-1.002,1,15,15,1.0000,13,0.8667,0,0,2,0,0
GRP135-1.005,1,15,15,1.0000,15,1.0000,0,0,0,0,0
GRP135-2.002,1,15,15,1.0000,13,0.8667,0,0,2,0,0
GRP135-2.005,1,15,0,0.0000,0,N/A,0,15,0,0,0
GRP200-1,1,15,15,1.0000,15,1.0000,0,0,0,0,0
GRP201-1,1,15,15,1.0000,15,1.0000,0,0,0,0,0
GRP202-1,1,15,10,0.6667,10,1.0000,0,5,0,0,0
GRP203-1,1,9,9,1.0000,8,0.8889,0,0,1,0,0
GRP204-1,1,15,14,0.9333,13,0.9286,0,1,1,0,0
GRP205-1,1,15,13,0.8667,13,1.0000,0,2,0,0,0
GRP206-1,1,15,5,0.3333,5,1.0000,0,10,0,0,0
GRP207-1,1,15,9,0.6000,0,0.0000,0,6,9,0,0
GRP403-1,1,15,13,0.8667,1,0.0769,0,2,12,0,0
GRP404-1,1,15,12,0.8000,2,0.1667,0,3,10,0,0
GRP405-1,1,15,8,0.5333,0,0.0000,0,7,8,0,0
GRP406-1,1,15,14,0.9333,11,0.7857,0,1,3,0,0
GRP407-1,1,15,13,0.8667,12,0.9231,0,2,1,0,0
GRP408-1,1,15,5,0.3333,4,0.8000,0,10,1,0,0
GRP409-1,1,15,15,1.0000,14,0.9333,0,0,1,0,0
GRP410-1,1,15,13,0.8667,13,1.0000,0,2,0,0,0
GRP411-1,1,15,13,0.8667,12,0.9231,0,2,1,0,0
GRP412-1,1,15,13,0.8667,9,0.6923,0,2,4,0,0
GRP413-1,1,15,14,0.9333,13,0.9286,0,1,1,0,0
GRP414-1,1,15,15,1.0000,14,0.9333,0,0,1,0,0
GRP415-1,1,15,13,0.8667,4,0.3077,2,0,9,0,0
GRP416-1,1,15,15,1.0000,6,0.4000,0,0,9,0,0
GRP417-1,1,15,15,1.0000,11,0.7333,0,0,4,0,0
GRP418-1,1,15,14,0.9333,12,0.8571,0,1,2,0,0
GRP419-1,1,15,6,0.4000,6,1.0000,0,9,0,0,0
GRP420-1,1,15,5,0.3333,2,0.4000,0,10,3,0,0
GRP421-1,1,15,15,1.0000,12,0.8000,0,0,3,0,0
GRP422-1,1,15,10,0.6667,3,0.3000,0,5,7,0,0
GRP423-1,1,15,10,0.6667,9,0.9000,0,5,1,0,0
GRP424-1,1,15,10,0.6667,3,0.3000,0,5,7,0,0
GRP425-1,1,15,9,0.6000,6,0.6667,0,6,3,0,0
GRP426-1,1,15,12,0.8000,7,0.5833,0,3,5,0,0
GRP427-1,1,15,14,0.9333,8,0.5714,0,1,6,0,0
GRP428-1,1,15,13,0.8667,7,0.5385,0,2,6,0,0
GRP429-1,1,15,9,0.6000,8,0.8889,0,6,1,0,0
GRP430-1,1,15,15,1.0000,10,0.6667,0,0,5,0,0
GRP431-1,1,15,14,0.9333,10,0.7143,0,1,4,0,0
GRP432-1,1,15,10,0.6667,9,0.9000,0,5,1,0,0
GRP433-1,1,15,5,0.3333,3,0.6000,0,10,2,0,0
GRP434-1,1,15,13,0.8667,10,0.7692,0,2,3,0,0
GRP435-1,1,15,12,0.8000,7,0.5833,0,3,5,0,0
GRP436-1,1,15,15,1.0000,8,0.5333,0,0,7,0,0
GRP437-1,1,15,4,0.2667,2,0.5000,0,11,2,0,0
GRP438-1,1,15,8,0.5333,6,0.7500,0,7,2,0,0
GRP439-1,1,15,13,0.8667,13,1.0000,0,2,0,0,0
GRP440-1,1,15,10,0.6667,10,1.0000,0,5,0,0,0
GRP441-1,1,15,15,1.0000,13,0.8667,0,0,2,0,0
GRP442-1,1,15,9,0.6000,9,1.0000,0,6,0,0,0
GRP443-1,1,15,15,1.0000,6,0.4000,0,0,9,0,0
GRP444-1,1,15,14,0.9333,7,0.5000,0,1,7,0,0
GRP445-1,1,15,15,1.0000,14,0.9333,0,0,1,0,0
GRP446-1,1,15,15,1.0000,15,1.0000,0,0,0,0,0
GRP447-1,1,15,15,1.0000,13,0.8667,0,0,2,0,0
GRP448-1,1,15,15,1.0000,13,0.8667,0,0,2,0,0
GRP449-1,1,15,10,0.6667,9,0.9000,0,5,1,0,0
GRP450-1,1,15,15,1.0000,15,1.0000,0,0,0,0,0
GRP451-1,1,15,13,0.8667,9,0.6923,0,2,4,0,0
GRP452-1,1,15,5,0.3333,4,0.8000,0,10,1,0,0
GRP453-1,1,15,11,0.7333,9,0.8182,0,4,2,0,0
GRP454-1,1,15,10,0.6667,3,0.3000,0,5,7,0,0
GRP455-1,1,15,14,0.9333,7,0.5000,0,1,7,0,0
GRP456-1,1,15,15,1.0000,14,0.9333,0,0,1,0,0
GRP457-1,1,15,14,0.9333,8,0.5714,0,1,6,0,0
GRP458-1,1,15,15,1.0000,6,0.4000,0,0,9,0,0
GRP459-1,1,15,14,0.9333,11,0.7857,0,1,3,0,0
GRP460-1,1,15,15,1.0000,13,0.8667,0,0,2,0,0
GRP461-1,1,15,15,1.0000,13,0.8667,0,0,2,0,0
GRP462-1,1,15,15,1.0000,14,0.9333,0,0,1,0,0
GRP463-1,1,15,15,1.0000,15,1.0000,0,0,0,0,0
GRP464-1,1,15,14,0.9333,14,1.0000,0,1,0,0,0
GRP465-1,1,15,10,0.6667,8,0.8000,0,5,2,0,0
GRP466-1,1,15,14,0.9333,6,0.4286,0,1,8,0,0
GRP467-1,1,15,14,0.9333,3,0.2143,0,1,11,0,0
GRP468-1,1,15,13,0.8667,9,0.6923,0,2,4,0,0
GRP469-1,1,15,8,0.5333,7,0.8750,0,7,1,0,0
GRP470-1,1,15,13,0.8667,6,0.4615,0,2,7,0,0
GRP471-1,1,15,15,1.0000,12,0.8000,0,0,3,0,0
GRP472-1,1,15,15,1.0000,8,0.5333,0,0,7,0,0
GRP473-1,1,15,15,1.0000,5,0.3333,0,0,10,0,0
GRP474-1,1,15,15,1.0000,15,1.0000,0,0,0,0,0
GRP475-1,1,15,9,0.6000,8,0.8889,0,6,1,0,0
GRP476-1,1,15,14,0.9333,4,0.2857,0,1,10,0,0
GRP477-1,1,15,10,0.6667,6,0.6000,0,5,4,0,0
GRP478-1,1,15,15,1.0000,8,0.5333,0,0,7,0,0
GRP479-1,1,15,15,1.0000,12,0.8000,0,0,3,0,0
GRP480-1,1,15,13,0.8667,7,0.5385,0,2,6,0,0
GRP481-1,1,15,10,0.6667,10,1.0000,0,5,0,0,0
GRP482-1,1,15,14,0.9333,14,1.0000,0,1,0,0,0
GRP483-1,1,15,14,0.9333,10,0.7143,0,1,4,0,0
GRP484-1,1,15,11,0.7333,11,1.0000,0,4,0,0,0
GRP485-1,1,15,14,0.9333,7,0.5000,0,1,7,0,0
GRP486-1,1,15,15,1.0000,15,1.0000,0,0,0,0,0
GRP487-1,1,15,15,1.0000,8,0.5333,0,0,7,0,0
GRP488-1,1,15,14,0.9333,14,1.0000,0,1,0,0,0
GRP489-1,1,15,15,1.0000,15,1.0000,0,0,0,0,0
GRP490-1,1,15,15,1.0000,15,1.0000,0,0,0,0,0
GRP491-1,1,15,15,1.0000,14,0.9333,0,0,1,0,0
GRP492-1,1,15,14,0.9333,11,0.7857,0,1,3,0,0
GRP493-1,1,15,15,1.0000,15,1.0000,0,0,0,0,0
GRP494-1,1,15,15,1.0000,15,1.0000,0,0,0,0,0
GRP495-1,1,15,5,0.3333,2,0.4000,0,10,3,0,0
GRP496-1,1,15,10,0.6667,10,1.0000,0,5,0,0,0
GRP497-1,1,15,15,1.0000,11,0.7333,0,0,4,0,0
GRP498-1,1,15,15,1.0000,9,0.6000,0,0,6,0,0
GRP499-1,1,15,14,0.9333,9,0.6429,0,1,5,0,0
GRP500-1,1,15,14,0.9333,11,0.7857,0,1,3,0,0
GRP501-1,1,15,13,0.8667,8,0.6154,0,2,5,0,0
GRP502-1,1,15,15,1.0000,6,0.4000,0,0,9,0,0
GRP503-1,1,15,10,0.6667,10,1.0000,0,5,0,0,0
GRP504-1,1,15,15,1.0000,5,0.3333,0,0,10,0,0
GRP505-1,1,15,15,1.0000,1,0.0667,0,0,14,0,0
GRP506-1,1,15,14,0.9333,1,0.0714,0,1,13,0,0
GRP507-1,1,15,15,1.0000,0,0.0000,0,0,15,0,0
GRP508-1,1,15,15,1.0000,0,0.0000,0,0,15,0,0
GRP509-1,1,15,14,0.9333,14,1.0000,0,1,0,0,0
GRP510-1,1,15,10,0.6667,10,1.0000,0,5,0,0,0
GRP511-1,1,15,14,0.9333,11,0.7857,0,1,3,0,0
GRP512-1,1,15,13,0.8667,13,1.0000,0,2,0,0,0
GRP513-1,1,15,13,0.8667,13,1.0000,0,2,0,0,0
GRP514-1,1,15,8,0.5333,8,1.0000,0,7,0,0,0
GRP515-1,1,15,9,0.6000,9,1.0000,0,6,0,0,0
GRP516-1,1,15,15,1.0000,11,0.7333,0,0,4,0,0
GRP517-1,1,15,10,0.6667,10,1.0000,0,5,0,0,0
GRP518-1,1,15,15,1.0000,9,0.6000,0,0,6,0,0
GRP519-1,1,15,10,0.6667,10,1.0000,0,5,0,0,0
GRP520-1,1,15,15,1.0000,15,1.0000,0,0,0,0,0
GRP521-1,1,15,15,1.0000,15,1.0000,0,0,0,0,0
GRP522-1,1,15,15,1.0000,14,0.9333,0,0,1,0,0
GRP523-1,1,15,11,0.7333,11,1.0000,0,4,0,0,0
GRP524-1,1,15,15,1.0000,13,0.8667,0,0,2,0,0
GRP525-1,1,15,15,1.0000,15,1.0000,0,0,0,0,0
GRP526-1,1,15,14,0.9333,14,1.0000,0,1,0,0,0
GRP527-1,1,15,15,1.0000,15,1.0000,0,0,0,0,0
GRP528-1,1,15,9,0.6000,9,1.0000,0,6,0,0,0
GRP529-1,1,15,15,1.0000,12,0.8000,0,0,3,0,0
GRP530-1,1,15,8,0.5333,7,0.8750,0,7,1,0,0
GRP531-1,1,15,10,0.6667,6,0.6000,0,5,4,0,0
GRP532-1,1,15,15,1.0000,15,1.0000,0,0,0,0,0
GRP533-1,1,15,15,1.0000,15,1.0000,0,0,0,0,0
GRP534-1,1,15,15,1.0000,11,0.7333,0,0,4,0,0
GRP535-1,1,15,15,1.0000,15,1.0000,0,0,0,0,0
GRP536-1,1,15,15,1.0000,14,0.9333,0,0,1,0,0
GRP537-1,1,15,15,1.0000,15,1.0000,0,0,0,0,0
GRP538-1,1,15,15,1.0000,15,1.0000,0,0,0,0,0
GRP539-1,1,15,15,1.0000,15,1.0000,0,0,0,0,0
GRP540-1,1,15,15,1.0000,15,1.0000,0,0,0,0,0
GRP541-1,1,15,15,1.0000,7,0.4667,0,0,8,0,0
GRP542-1,1,15,15,1.0000,15,1.0000,0,0,0,0,0
GRP543-1,1,15,15,1.0000,12,0.8000,0,0,3,0,0
GRP544-1,1,15,15,1.0000,12,0.8000,0,0,3,0,0
GRP545-1,1,15,14,0.9333,11,0.7857,0,1,3,0,0
GRP546-1,1,15,15,1.0000,12,0.8000,0,0,3,0,0
GRP547-1,1,15,15,1.0000,14,0.9333,0,0,1,0,0
GRP548-1,1,15,15,1.0000,15,1.0000,0,0,0,0,0
GRP549-1,1,15,8,0.5333,3,0.3750,0,7,5,0,0
GRP550-1,1,15,14,0.9333,4,0.2857,0,1,10,0,0
GRP551-1,1,15,15,1.0000,15,1.0000,0,0,0,0,0
GRP552-1,1,15,15,1.0000,13,0.8667,0,0,2,0,0
GRP553-1,1,15,15,1.0000,14,0.9333,0,0,1,0,0
GRP554-1,1,15,10,0.6667,10,1.0000,0,5,0,0,0
GRP555-1,1,15,15,1.0000,9,0.6000,0,0,6,0,0
GRP556-1,1,15,15,1.0000,12,0.8000,0,0,3,0,0
GRP557-1,1,15,14,0.9333,8,0.5714,0,1,6,0,0
GRP558-1,1,15,10,0.6667,6,0.6000,0,5,4,0,0
GRP559-1,1,15,15,1.0000,13,0.8667,0,0,2,0,0
GRP560-1,1,15,13,0.8667,8,0.6154,0,2,5,0,0
GRP561-1,1,15,3,0.2000,1,0.3333,0,12,2,0,0
GRP562-1,1,15,5,0.3333,3,0.6000,0,10,2,0,0
GRP563-1,1,15,13,0.8667,8,0.6154,0,2,5,0,0
GRP564-1,1,15,10,0.6667,10,1.0000,0,5,0,0,0
GRP565-1,1,15,14,0.9333,14,1.0000,0,1,0,0,0
GRP566-1,1,15,15,1.0000,15,1.0000,0,0,0,0,0
GRP567-1,1,15,15,1.0000,13,0.8667,0,0,2,0,0
GRP568-1,1,15,14,0.9333,8,0.5714,0,1,6,0,0
GRP569-1,1,15,15,1.0000,10,0.6667,0,0,5,0,0
GRP570-1,1,15,15,1.0000,15,1.0000,0,0,0,0,0
GRP571-1,1,15,14,0.9333,13,0.9286,0,1,1,0,0
GRP572-1,1,15,9,0.6000,6,0.6667,0,6,3,0,0
GRP573-1,1,15,10,0.6667,6,0.6000,0,5,4,0,0
GRP574-1,1,15,14,0.9333,14,1.0000,0,1,0,0,0
GRP575-1,1,15,14,0.9333,9,0.6429,0,1,5,0,0
GRP576-1,1,15,15,1.0000,13,0.8667,0,0,2,0,0
GRP577-1,1,15,15,1.0000,12,0.8000,0,0,3,0,0
GRP578-1,1,15,15,1.0000,9,0.6000,0,0,6,0,0
GRP579-1,1,15,15,1.0000,9,0.6000,0,0,6,0,0
GRP580-1,1,15,13,0.8667,4,0.3077,0,2,9,0,0
GRP581-1,1,15,8,0.5333,2,0.2500,0,7,6,0,0
GRP582-1,1,15,15,1.0000,14,0.9333,0,0,1,0,0
GRP583-1,1,15,10,0.6667,8,0.8000,0,5,2,0,0
GRP584-1,1,15,15,1.0000,12,0.8000,0,0,3,0,0
GRP585-1,1,15,15,1.0000,11,0.7333,0,0,4,0,0
GRP586-1,1,15,15,1.0000,12,0.8000,0,0,3,0,0
GRP587-1,1,15,12,0.8000,8,0.6667,0,3,4,0,0
GRP588-1,1,15,7,0.4667,5,0.7143,0,8,2,0,0
GRP589-1,1,15,9,0.6000,8,0.8889,0,6,1,0,0
GRP590-1,1,15,13,0.8667,5,0.3846,0,2,8,0,0
GRP591-1,1,15,14,0.9333,10,0.7143,0,1,4,0,0
GRP592-1,1,15,12,0.8000,9,0.7500,0,3,3,0,0
GRP593-1,1,11,6,0.5455,4,0.6667,0,5,2,0,0
GRP594-1,1,15,10,0.6667,8,0.8000,0,5,2,0,0
GRP595-1,1,15,15,1.0000,12,0.8000,0,0,3,0,0
GRP596-1,1,15,15,1.0000,13,0.8667,0,0,2,0,0
GRP597-1,1,15,14,0.9333,7,0.5000,0,1,7,0,0
GRP598-1,1,15,14,0.9333,6,0.4286,0,1,8,0,0
GRP599-1,1,15,9,0.6000,6,0.6667,0,6,3,0,0
GRP600-1,1,15,8,0.5333,5,0.6250,0,7,3,0,0
GRP601-1,1,15,15,1.0000,10,0.6667,0,0,5,0,0
GRP602-1,1,15,14,0.9333,11,0.7857,0,1,3,0,0
GRP603-1,1,15,14,0.9333,8,0.5714,0,1,6,0,0
GRP604-1,1,15,14,0.9333,13,0.9286,0,1,1,0,0
GRP605-1,1,15,15,1.0000,8,0.5333,0,0,7,0,0
GRP606-1,1,15,14,0.9333,11,0.7857,0,1,3,0,0
GRP607-1,1,15,13,0.8667,9,0.6923,0,2,4,0,0
GRP608-1,1,15,12,0.8000,9,0.7500,0,3,3,0,0
GRP609-1,1,15,15,1.0000,9,0.6000,0,0,6,0,0
GRP610-1,1,15,12,0.8000,5,0.4167,0,3,7,0,0
GRP611-1,1,15,14,0.9333,11,0.7857,0,1,3,0,0
GRP612-1,1,15,14,0.9333,10,0.7143,0,1,4,0,0
GRP613-1,1,15,10,0.6667,6,0.6000,0,5,4,0,0
GRP614-1,1,13,13,1.0000,9,0.6923,0,0,4,0,0
GRP615-1,1,15,15,1.0000,8,0.5333,0,0,7,0,0
GRP616-1,1,15,8,0.5333,6,0.7500,0,7,2,0,0
GRP618+1,1,15,15,1.0000,13,0.8667,0,0,2,0,0
GRP619+1,1,15,11,0.7333,11,1.0000,0,4,0,0,0
GRP622+1,1,15,15,1.0000,10,0.6667,0,0,5,0,0
GRP623+1,1,15,15,1.0000,12,0.8000,0,0,3,0,0
GRP637+1,1,15,10,0.6667,10,1.0000,0,5,0,0,0
GRP638+1,1,15,15,1.0000,14,0.9333,0,0,1,0,0
GRP639+1,1,15,15,1.0000,15,1.0000,0,0,0,0,0
GRP640+1,1,15,15,1.0000,15,1.0000,0,0,0,0,0
GRP641+1,1,15,15,1.0000,15,1.0000,0,0,0,0,0
GRP642+1,1,15,15,1.0000,13,0.8667,0,0,2,0,0
GRP643+1,1,15,15,1.0000,15,1.0000,0,0,0,0,0
GRP644+1,1,15,15,1.0000,15,1.0000,0,0,0,0,0
GRP645+1,1,15,12,0.8000,12,1.0000,0,3,0,0,0
GRP647+1,1,15,14,0.9333,14,1.0000,0,1,0,0,0
GRP654+1,1,15,8,0.5333,8,1.0000,0,7,0,0,0
GRP654+2,1,15,13,0.8667,13,1.0000,0,2,0,0,0
GRP654+3,1,15,3,0.2000,2,0.6667,0,12,1,0,0
GRP654-10,1,15,12,0.8000,12,1.0000,0,3,0,0,0
GRP654-11,1,15,5,0.3333,5,1.0000,0,10,0,0,0
GRP654-12,1,15,15,1.0000,15,1.0000,0,0,0,0,0
GRP655+1,1,15,12,0.8000,11,0.9167,0,3,1,0,0
GRP655+2,1,15,8,0.5333,8,1.0000,0,7,0,0,0
GRP655+3,1,15,15,1.0000,15,1.0000,0,0,0,0,0
GRP655-10,1,15,13,0.8667,13,1.0000,0,2,0,0,0
GRP655-11,1,15,7,0.4667,7,1.0000,0,8,0,0,0
GRP655-12,1,15,7,0.4667,7,1.0000,0,8,0,0,0
GRP655-13,1,15,13,0.8667,13,1.0000,0,2,0,0,0
GRP655-14,1,15,10,0.6667,8,0.8000,0,5,2,0,0
GRP656+1,1,15,9,0.6000,9,1.0000,0,6,0,0,0
GRP656-10,1,15,10,0.6667,10,1.0000,0,5,0,0,0
GRP657+1,1,15,9,0.6000,9,1.0000,0,6,0,0,0
GRP657-10,1,15,10,0.6667,9,0.9000,0,5,1,0,0
GRP658+1,1,15,15,1.0000,15,1.0000,0,0,0,0,0
GRP658-10,1,15,7,0.4667,7,1.0000,0,8,0,0,0
GRP659+1,1,15,11,0.7333,11,1.0000,0,4,0,0,0
GRP659-10,1,15,8,0.5333,8,1.0000,0,7,0,0,0
GRP660+1,1,15,13,0.8667,13,1.0000,0,2,0,0,0
GRP660+2,1,15,14,0.9333,14,1.0000,0,1,0,0,0
GRP660+3,1,15,7,0.4667,5,0.7143,0,8,2,0,0
GRP660-10,1,15,10,0.6667,10,1.0000,0,5,0,0,0
GRP660-11,1,15,10,0.6667,10,1.0000,0,5,0,0,0
GRP660-12,1,15,4,0.2667,4,1.0000,0,11,0,0,0
GRP660-13,1,15,10,0.6667,10,1.0000,0,5,0,0,0
GRP660-14,1,15,15,1.0000,13,0.8667,0,0,2,0,0
GRP661-1,1,15,9,0.6000,8,0.8889,0,6,1,0,0
GRP662-1,1,15,9,0.6000,9,1.0000,0,6,0,0,0
GRP663-1,1,15,13,0.8667,13,1.0000,0,2,0,0,0
GRP664+1,1,15,14,0.9333,14,1.0000,0,1,0,0,0
GRP664-10,1,15,14,0.9333,14,1.0000,0,1,0,0,0
GRP664-11,1,15,15,1.0000,15,1.0000,0,0,0,0,0
GRP664-12,1,15,10,0.6667,8,0.8000,0,5,2,0,0
GRP665+1,1,15,15,1.0000,15,1.0000,0,0,0,0,0
GRP665-10,1,15,14,0.9333,14,1.0000,0,1,0,0,0
GRP665-11,1,15,13,0.8667,13,1.0000,0,2,0,0,0
GRP665-12,1,15,5,0.3333,5,1.0000,0,10,0,0,0
GRP666+1,1,15,15,1.0000,15,1.0000,0,0,0,0,0
GRP666+6,1,15,5,0.3333,4,0.8000,0,10,1,0,0
GRP666-2,1,15,15,1.0000,15,1.0000,0,0,0,0,0
GRP666-3,1,15,12,0.8000,12,1.0000,0,3,0,0,0
GRP666-4,1,15,12,0.8000,12,1.0000,0,3,0,0,0
GRP666-5,1,15,11,0.7333,11,1.0000,0,4,0,0,0
GRP667+1,1,15,15,1.0000,15,1.0000,0,0,0,0,0
GRP667+6,1,15,15,1.0000,15,1.0000,0,0,0,0,0
GRP667-10,1,15,13,0.8667,13,1.0000,0,2,0,0,0
GRP667-2,1,15,14,0.9333,12,0.8571,0,1,2,0,0
GRP667-3,1,15,15,1.0000,15,1.0000,0,0,0,0,0
GRP667-4,1,15,14,0.9333,12,0.8571,0,1,2,0,0
GRP667-5,1,15,14,0.9333,14,1.0000,0,1,0,0,0
GRP668-1,1,15,15,1.0000,15,1.0000,0,0,0,0,0
GRP669-1,1,15,8,0.5333,8,1.0000,0,7,0,0,0
GRP670-1,1,15,13,0.8667,13,1.0000,0,2,0,0,0
GRP671-1,1,15,15,1.0000,15,1.0000,0,0,0,0,0
GRP672+1,1,15,10,0.6667,9,0.9000,0,5,1,0,0
GRP672-10,1,15,15,1.0000,14,0.9333,0,0,1,0,0
GRP672-11,1,15,15,1.0000,14,0.9333,0,0,1,0,0
GRP673+1,1,15,15,1.0000,10,0.6667,0,0,5,0,0
GRP673-10,1,15,14,0.9333,13,0.9286,0,1,1,0,0
GRP673-11,1,15,10,0.6667,9,0.9000,0,5,1,0,0
GRP674+1,1,15,14,0.9333,13,0.9286,0,1,1,0,0
GRP674-10,1,15,15,1.0000,15,1.0000,0,0,0,0,0
GRP674-11,1,15,15,1.0000,14,0.9333,0,0,1,0,0
GRP675-1,1,15,10,0.6667,10,1.0000,0,5,0,0,0
GRP676-1,1,15,9,0.6000,9,1.0000,0,6,0,0,0
GRP677-1,1,15,13,0.8667,13,1.0000,0,2,0,0,0
GRP678-1,1,15,15,1.0000,15,1.0000,0,0,0,0,0
GRP679-1,1,15,13,0.8667,13,1.0000,0,2,0,0,0
GRP680-1,1,15,10,0.6667,10,1.0000,0,5,0,0,0
GRP681-1,1,15,15,1.0000,15,1.0000,0,0,0,0,0
GRP682+1,1,15,15,1.0000,15,1.0000,0,0,0,0,0
GRP682-10,1,15,15,1.0000,15,1.0000,0,0,0,0,0
GRP682-11,1,15,15,1.0000,15,1.0000,0,0,0,0,0
GRP683+1,1,15,15,1.0000,15,1.0000,0,0,0,0,0
GRP683-10,1,15,15,1.0000,15,1.0000,0,0,0,0,0
GRP683-11,1,15,15,1.0000,15,1.0000,0,0,0,0,0
GRP684-1,1,15,14,0.9333,14,1.0000,0,1,0,0,0
GRP685+1,1,15,15,1.0000,15,1.0000,0,0,0,0,0
GRP685-10,1,15,10,0.6667,10,1.0000,0,5,0,0,0
GRP685-11,1,15,15,1.0000,15,1.0000,0,0,0,0,0
GRP686-1,1,15,15,1.0000,15,1.0000,0,0,0,0,0
GRP687-1,1,15,11,0.7333,11,1.0000,0,4,0,0,0
GRP688-1,1,15,15,1.0000,15,1.0000,0,0,0,0,0
GRP689-1,1,15,15,1.0000,15,1.0000,0,0,0,0,0
GRP690-1,1,15,15,1.0000,14,0.9333,0,0,1,0,0
GRP691-1,1,15,15,1.0000,15,1.0000,0,0,0,0,0
GRP692-1,1,15,15,1.0000,15,1.0000,0,0,0,0,0
GRP693-1,1,15,12,0.8000,12,1.0000,0,3,0,0,0
GRP694-1,1,15,15,1.0000,15,1.0000,0,0,0,0,0
GRP695-1,1,15,13,0.8667,13,1.0000,0,2,0,0,0
GRP696-1,1,15,15,1.0000,15,1.0000,0,0,0,0,0
GRP697-1,1,15,15,1.0000,15,1.0000,0,0,0,0,0
GRP698-1,1,15,14,0.9333,10,0.7143,0,1,4,0,0
GRP699-1,1,15,10,0.6667,9,0.9000,0,5,1,0,0
GRP700+1,1,15,15,1.0000,15,1.0000,0,0,0,0,0
GRP700-10,1,15,14,0.9333,14,1.0000,0,1,0,0,0
GRP701-1,1,15,15,1.0000,15,1.0000,0,0,0,0,0
GRP702+1,1,15,15,1.0000,15,1.0000,0,0,0,0,0
GRP702-10,1,15,10,0.6667,10,1.0000,0,5,0,0,0
GRP702-11,1,15,15,1.0000,14,0.9333,0,0,1,0,0
GRP702-12,1,15,13,0.8667,13,1.0000,0,2,0,0,0
GRP703+1,1,15,12,0.8000,12,1.0000,0,3,0,0,0
GRP703-10,1,15,15,1.0000,15,1.0000,0,0,0,0,0
GRP703-11,1,15,13,0.8667,13,1.0000,0,2,0,0,0
GRP703-12,1,15,15,1.0000,15,1.0000,0,0,0,0,0
GRP704+1,1,15,14,0.9333,14,1.0000,0,1,0,0,0
GRP704-10,1,15,15,1.0000,15,1.0000,0,0,0,0,0
GRP704-11,1,15,10,0.6667,10,1.0000,0,5,0,0,0
GRP704-12,1,15,8,0.5333,8,1.0000,0,7,0,0,0
GRP705-1,1,15,13,0.8667,13,1.0000,0,2,0,0,0
GRP706-1,1,15,15,1.0000,14,0.9333,0,0,1,0,0
GRP707-1,1,15,15,1.0000,15,1.0000,0,0,0,0,0
GRP708-1,1,15,15,1.0000,15,1.0000,0,0,0,0,0
GRP709-1,1,15,15,1.0000,15,1.0000,0,0,0,0,0
GRP710+1,1,15,15,1.0000,15,1.0000,0,0,0,0,0
GRP710-10,1,15,10,0.6667,10,1.0000,0,5,0,0,0
GRP710-11,1,15,10,0.6667,10,1.0000,0,5,0,0,0
GRP711+1,1,15,15,1.0000,15,1.0000,0,0,0,0,0
GRP712-1,1,15,10,0.6667,10,1.0000,0,5,0,0,0
GRP713-1,1,15,10,0.6667,10,1.0000,0,5,0,0,0
GRP714-1,1,15,9,0.6000,7,0.7778,0,6,2,0,0
GRP715+1,1,15,10,0.6667,10,1.0000,0,5,0,0,0
GRP715-10,1,15,15,1.0000,15,1.0000,0,0,0,0,0
GRP715-11,1,15,15,1.0000,15,1.0000,0,0,0,0,0
GRP716-1,1,15,14,0.9333,14,1.0000,0,1,0,0,0
GRP717-1,1,15,4,0.2667,4,1.0000,0,11,0,0,0
GRP718-1,1,15,10,0.6667,10,1.0000,0,5,0,0,0
GRP719-1,1,15,9,0.6000,9,1.0000,0,6,0,0,0
GRP720+1,1,15,13,0.8667,10,0.7692,0,2,3,0,0
GRP720-2,1,15,10,0.6667,10,1.0000,0,5,0,0,0
GRP721-1,1,15,13,0.8667,13,1.0000,0,2,0,0,0
GRP722-1,1,15,15,1.0000,13,0.8667,0,0,2,0,0
GRP723-1,1,15,15,1.0000,15,1.0000,0,0,0,0,0
GRP724-1,1,15,10,0.6667,10,1.0000,0,5,0,0,0
GRP725-1,1,15,13,0.8667,13,1.0000,0,2,0,0,0
GRP726-1,1,15,15,1.0000,15,1.0000,0,0,0,0,0
GRP727-1,1,15,10,0.6667,10,1.0000,0,5,0,0,0
GRP728-1,1,15,15,1.0000,15,1.0000,0,0,0,0,0
GRP729-1,1,15,15,1.0000,15,1.0000,0,0,0,0,0
GRP730-1,1,15,14,0.9333,14,1.0000,0,1,0,0,0
GRP731-1,1,15,14,0.9333,14,1.0000,0,1,0,0,0
GRP732-1,1,15,15,1.0000,15,1.0000,0,0,0,0,0
GRP733+1,1,15,13,0.8667,13,1.0000,0,2,0,0,0
GRP734+1,1,15,15,1.0000,15,1.0000,0,0,0,0,0
GRP735-1,1,15,4,0.2667,4,1.0000,0,11,0,0,0
GRP736-1,1,14,9,0.6429,8,0.8889,0,5,1,0,0
GRP737-1,1,15,10,0.6667,10,1.0000,0,5,0,0,0
GRP738-1,1,15,13,0.8667,11,0.8462,0,2,2,0,0
GRP739-1,1,15,13,0.8667,9,0.6923,0,2,4,0,0
GRP740-1,1,15,15,1.0000,15,1.0000,0,0,0,0,0
GRP741-1,1,15,10,0.6667,10,1.0000,0,5,0,0,0
GRP742-1,1,15,3,0.2000,3,1.0000,0,12,0,0,0
GRP743-1,1,15,10,0.6667,10,1.0000,0,5,0,0,0
GRP744-1,1,15,14,0.9333,14,1.0000,0,1,0,0,0
GRP745+1,1,15,15,1.0000,15,1.0000,0,0,0,0,0
GRP746+1,1,15,13,0.8667,11,0.8462,0,2,2,0,0
GRP747+1,1,15,15,1.0000,15,1.0000,0,0,0,0,0
GRP748+1,1,15,15,1.0000,15,1.0000,0,0,0,0,0
GRP748-2,1,15,8,0.5333,8,1.0000,0,7,0,0,0
GRP748-3,1,15,15,1.0000,15,1.0000,0,0,0,0,0
GRP748-4,1,15,15,1.0000,15,1.0000,0,0,0,0,0
GRP748-5,1,15,15,1.0000,15,1.0000,0,0,0,0,0
GRP749-1,1,15,10,0.6667,9,0.9000,0,5,1,0,0
GRP750-1,1,15,12,0.8000,11,0.9167,0,3,1,0,0
GRP751-1,1,15,13,0.8667,13,1.0000,0,2,0,0,0
GRP752-1,1,15,11,0.7333,10,0.9091,0,4,1,0,0
GRP753-1,1,15,11,0.7333,11,1.0000,0,4,0,0,0
GRP754-1,1,15,13,0.8667,13,1.0000,0,2,0,0,0
GRP755-1,1,15,9,0.6000,9,1.0000,0,6,0,0,0
GRP756-1,1,15,10,0.6667,10,1.0000,0,5,0,0,0
GRP757+1,1,15,10,0.6667,10,1.0000,0,5,0,0,0
GRP759+1,1,15,14,0.9333,11,0.7857,0,1,3,0,0
GRP760+1,1,15,11,0.7333,10,0.9091,0,4,1,0,0
GRP760-10,1,15,15,1.0000,15,1.0000,0,0,0,0,0
GRP761+1,1,15,10,0.6667,9,0.9000,0,5,1,0,0
GRP762+1,1,15,15,1.0000,14,0.9333,0,0,1,0,0
GRP763+1,1,15,10,0.6667,9,0.9000,0,5,1,0,0
GRP763-10,1,15,10,0.6667,10,1.0000,0,5,0,0,0
GRP764-1,1,15,15,1.0000,12,0.8000,0,0,3,0,0
GRP765-1,1,15,15,1.0000,15,1.0000,0,0,0,0,0
GRP766-1,1,15,13,0.8667,13,1.0000,0,2,0,0,0
GRP767-1,1,15,15,1.0000,15,1.0000,0,0,0,0,0
GRP768-1,1,15,15,1.0000,15,1.0000,0,0,0,0,0
GRP769-1,1,15,15,1.0000,14,0.9333,0,0,1,0,0
GRP770-1,1,15,15,1.0000,15,1.0000,0,0,0,0,0
GRP771-1,1,15,15,1.0000,13,0.8667,0,0,2,0,0
GRP772-1,1,15,15,1.0000,15,1.0000,0,0,0,0,0
GRP773-1,1,15,13,0.8667,13,1.0000,0,2,0,0,0
GRP774+1,1,15,7,0.4667,7,1.0000,0,8,0,0,0
GRP775+1,1,15,15,1.0000,15,1.0000,0,0,0,0,0
GRP776+1,1,15,13,0.8667,11,0.8462,0,2,2,0,0
GRP777+1,1,15,15,1.0000,12,0.8000,0,0,3,0,0
GRP777-10,1,15,15,1.0000,15,1.0000,0,0,0,0,0
GRP778+1,1,15,15,1.0000,15,1.0000,0,0,0,0,0
GRP779+1,1,15,15,1.0000,15,1.0000,0,0,0,0,0
GRP780+1,1,15,14,0.9333,13,0.9286,0,1,1,0,0
GRP781-1,1,15,13,0.8667,13,1.0000,0,2,0,0,0
GRP782+1,1,15,10,0.6667,10,1.0000,0,5,0,0,0
GRP784+1,1,15,13,0.8667,13,1.0000,0,2,0,0,0
GRP786+1,1,15,13,0.8667,13,1.0000,0,2,0,0,0
GRP788+1,1,15,15,1.0000,15,1.0000,0,0,0,0,0
GRP790+1,1,15,15,1.0000,15,1.0000,0,0,0,0,0
GRP792+1,1,15,11,0.7333,11,1.0000,0,4,0,0,0
GRP794+1,1,15,14,0.9333,14,1.0000,0,1,0,0,0
GRP796+1,1,15,15,1.0000,15,1.0000,0,0,0,0,0
GRP798+1,1,15,12,0.8000,12,1.0000,0,3,0,0,0
GRP800+1,1,15,15,1.0000,15,1.0000,0,0,0,0,0
GRP802+1,1,15,10,0.6667,10,1.0000,0,5,0,0,0
GRP804+1,1,15,15,1.0000,15,1.0000,0,0,0,0,0
GRP806+1,1,15,15,1.0000,15,1.0000,0,0,0,0,0
GRP808+1,1,15,13,0.8667,13,1.0000,0,2,0,0,0
GRP810+1,1,15,15,1.0000,15,1.0000,0,0,0,0,0
GRP812+1,1,15,15,1.0000,15,1.0000,0,0,0,0,0
GRP814+1,1,15,13,0.8667,13,1.0000,0,2,0,0,0
GRP816+1,1,15,13,0.8667,13,1.0000,0,2,0,0,0
GRP818+1,1,15,15,1.0000,15,1.0000,0,0,0,0,0
GRP820+1,1,15,15,1.0000,15,1.0000,0,0,0,0,0
